id,first_name,last_name,email,company,departement
6316868375,Leonardo,Amor,lamor0@utexas.edu,Devshare,Sales
5158854467,Baillie,Southerns,bsoutherns1@harvard.edu,Voolia,Support
0294301712,Gaynor,Bernasek,gbernasek2@blogspot.com,Babbleopia,Legal
5894619424,Lenette,Fairbairn,lfairbairn3@vistaprint.com,Photofeed,Sales
1272649997,Alvira,Farrell,afarrell4@clickbank.net,Buzzster,Training
5369227667,Rice,Ruckert,rruckert5@163.com,Bubbletube,Research and Development
3382424738,Angy,O'Loughane,aoloughane6@yahoo.co.jp,Buzzster,Research and Development
4059957429,Leighton,Belhome,lbelhome7@sourceforge.net,Flashdog,Human Resources
6225685960,Miguel,Edlestone,medlestone8@clickbank.net,Thoughtstorm,Accounting
8889671521,Euphemia,Brayne,ebrayne9@jigsy.com,Meejo,Sales
3557049280,Mallory,Nurse,mnursea@bizjournals.com,Buzzdog,Sales
5984612003,Lotti,Edyson,ledysonb@wsj.com,Kare,Marketing
3821564830,Jaime,Fellman,jfellmanc@marriott.com,Ailane,Business Development
3878185820,Windy,Couzens,wcouzensd@live.com,Flipbug,Sales
9778888558,Michal,Hevey,mheveye@mashable.com,Edgetag,Legal
9346079606,Abdul,Ranshaw,aranshawf@google.co.uk,Skynoodle,Business Development
3270539258,Peggy,Karim,pkarimg@vkontakte.ru,Leexo,Sales
3227320185,Lula,Arsey,larseyh@miibeian.gov.cn,Feedbug,Research and Development
2002436282,Milzie,Gaitung,mgaitungi@usa.gov,Skiba,Sales
4011757705,Lorrie,Putley,lputleyj@spiegel.de,Mycat,Support
3162914167,Bibbie,Pagram,bpagramk@xrea.com,Thoughtblab,Business Development
8732115466,Vinny,Jeffs,vjeffsl@hexun.com,Fadeo,Marketing
7560623026,Tonie,Stollman,tstollmanm@pbs.org,Kwilith,Marketing
6563114229,Dene,Rivallant,drivallantn@instagram.com,Browsebug,Support
2410208711,Tamas,Kupper,tkuppero@pbs.org,Zoonoodle,Legal
4503033824,Rubia,Corstan,rcorstanp@soundcloud.com,Meevee,Support
9169778027,Delano,Petrol,dpetrolq@illinois.edu,Roombo,Training
5649294259,Jacklin,Moulton,jmoultonr@noaa.gov,Yacero,Sales
6272772483,Theda,Pidwell,tpidwells@360.cn,Roombo,Marketing
9443257866,Roth,Peatman,rpeatmant@cbc.ca,Fanoodle,Support
1152791311,Kiel,Sicely,ksicelyu@zimbio.com,Janyx,Support
9791289948,Titos,Sawrey,tsawreyv@rambler.ru,Edgeclub,Legal
4370267250,Warden,McGraw,wmcgraww@vkontakte.ru,Zoombeat,Support
5351393921,Hercule,Caddan,hcaddanx@dailymail.co.uk,Izio,Accounting
5166743474,Keriann,Beedom,kbeedomy@xinhuanet.com,Digitube,Support
8921693858,Sabina,Bartod,sbartodz@ca.gov,Divanoodle,Product Management
9208286789,Joy,Hansman,jhansman10@disqus.com,Skiba,Product Management
2825747378,Frasco,Barlas,fbarlas11@google.ca,DabZ,Engineering
5739589207,Allayne,Calles,acalles12@cnn.com,Demivee,Support
2353498345,Chev,Deely,cdeely13@hao123.com,Einti,Accounting
3923068816,Lorena,Acors,lacors14@networksolutions.com,Oba,Sales
7691424760,Vivian,Sarjeant,vsarjeant15@about.me,Skynoodle,Training
6138357647,Farly,Upcott,fupcott16@hp.com,Skyvu,Training
8569379609,Meara,Finlason,mfinlason17@nbcnews.com,Minyx,Human Resources
4666914021,Edwina,Vaz,evaz18@blogspot.com,Gigazoom,Support
6577260613,Wenona,Coldbathe,wcoldbathe19@facebook.com,Twimm,Sales
7736905894,Kalli,Muncaster,kmuncaster1a@cisco.com,Oyonder,Services
5944337796,Felipa,Bynold,fbynold1b@github.io,Tagchat,Business Development
6117083750,Zia,Maiden,zmaiden1c@hubpages.com,Layo,Research and Development
1055091572,Adolphe,Giggs,agiggs1d@sogou.com,Meedoo,Business Development
6589025185,Gannon,Duval,gduval1e@unc.edu,Youspan,Services
8327074172,Jerrylee,Farebrother,jfarebrother1f@state.tx.us,Avamm,Product Management
2084333911,Dev,Baughn,dbaughn1g@squarespace.com,Voolia,Marketing
7039798697,Carine,O'Kenny,cokenny1h@ox.ac.uk,Wikizz,Legal
2409584306,Vergil,Martinovic,vmartinovic1i@over-blog.com,Yadel,Marketing
2452270261,Carissa,De Andreis,cdeandreis1j@moonfruit.com,Skyvu,Business Development
2330880782,Berk,Figures,bfigures1k@skyrock.com,Blogtags,Legal
0660482746,Michal,Normanell,mnormanell1l@youtube.com,Oyoyo,Business Development
5441792310,Gilberte,Parton,gparton1m@stanford.edu,Aibox,Accounting
5342961882,Mechelle,Streeton,mstreeton1n@google.pl,Bluejam,Engineering
6237531394,Florette,Sawfoot,fsawfoot1o@printfriendly.com,Twimbo,Support
8120168488,Orbadiah,Martyns,omartyns1p@noaa.gov,Einti,Business Development
5771118370,Garwin,Chipperfield,gchipperfield1q@storify.com,Realblab,Business Development
0937687502,Ben,Oxborrow,boxborrow1r@typepad.com,Livetube,Marketing
6164074509,Van,Jestico,vjestico1s@twitpic.com,Leenti,Marketing
6190748260,Barbe,Rivard,brivard1t@dailymail.co.uk,Devpulse,Sales
5838084332,Claudius,Tyson,ctyson1u@about.me,Ozu,Support
4490803850,Fionna,Viccars,fviccars1v@time.com,Feedfire,Sales
6548217659,Moria,Lyver,mlyver1w@csmonitor.com,Mynte,Business Development
3421524068,Cesya,Beteriss,cbeteriss1x@bizjournals.com,Digitube,Product Management
2921838508,Korry,Olorenshaw,kolorenshaw1y@twitter.com,Roomm,Human Resources
8503488035,Rochell,Fielder,rfielder1z@kickstarter.com,Voomm,Services
1753555531,Lezlie,Grogor,lgrogor20@ning.com,Youspan,Research and Development
9561841525,Bat,Trattles,btrattles21@army.mil,Ozu,Marketing
5688122641,Quintana,Danilovic,qdanilovic22@a8.net,Eidel,Accounting
6887070928,Paxton,Pendered,ppendered23@businesswire.com,Rhycero,Marketing
0574090029,Abeu,Grolmann,agrolmann24@multiply.com,Chatterbridge,Legal
6121907282,Brennen,McNaught,bmcnaught25@histats.com,Wordtune,Marketing
9462108447,Kinnie,Scathard,kscathard26@pinterest.com,Skimia,Marketing
5960851849,Deirdre,O Mullen,domullen27@sbwire.com,Babbleblab,Human Resources
5598302837,Anna,McIlherran,amcilherran28@whitehouse.gov,Trilia,Support
0684462540,Ben,MacKaig,bmackaig29@com.com,Photobug,Engineering
7273156914,Gretal,Vanyushkin,gvanyushkin2a@ovh.net,Oloo,Product Management
8547591451,Samara,Gutherson,sgutherson2b@nba.com,Jaxspan,Research and Development
7320303671,Halley,Denley,hdenley2c@indiegogo.com,Bubblebox,Legal
9973823427,Sayers,Redshaw,sredshaw2d@senate.gov,Lazz,Training
6037009287,Saul,Traill,straill2e@telegraph.co.uk,Youopia,Marketing
2574662326,Phaidra,Drayn,pdrayn2f@wiley.com,Dabtype,Support
9132718225,Jo-ann,Asey,jasey2g@scribd.com,Jabbersphere,Product Management
6771664066,Giacopo,Camel,gcamel2h@abc.net.au,Yodel,Product Management
9707534338,Horatio,Puttnam,hputtnam2i@stumbleupon.com,Skyndu,Training
6740248435,Alan,Butt,abutt2j@si.edu,Kare,Training
6401878614,Waldon,McAvaddy,wmcavaddy2k@pcworld.com,Brightbean,Legal
8059029878,Batholomew,Whissell,bwhissell2l@yale.edu,Oyoloo,Support
6151557352,Annalise,Hendricks,ahendricks2m@prnewswire.com,Tagchat,Legal
1817594400,Zelig,Butlin,zbutlin2n@gravatar.com,Skipstorm,Business Development
8884078245,Rudyard,Geleman,rgeleman2o@about.me,Kazio,Services
8162819703,Shepperd,Depke,sdepke2p@berkeley.edu,Babblestorm,Services
1477784594,Hermina,Boyett,hboyett2q@de.vu,Livefish,Support
7076275368,Tamiko,Struan,tstruan2r@webnode.com,Ooba,Business Development
4903438031,Daphne,Gipp,dgipp2s@usda.gov,Yamia,Product Management
5020739243,Perceval,Fullwood,pfullwood2t@rambler.ru,Bluezoom,Training
4098456621,Larissa,Perutto,lperutto2u@huffingtonpost.com,Latz,Training
5699114661,Ginnifer,McNeachtain,gmcneachtain2v@ucsd.edu,Zoomlounge,Marketing
3181299596,Phoebe,Bolam,pbolam2w@thetimes.co.uk,Tambee,Services
7965042010,Anett,Thirwell,athirwell2x@nationalgeographic.com,Wikizz,Services
7273465925,Ewart,Dykas,edykas2y@census.gov,Rhycero,Engineering
3207625851,Ira,Billingsly,ibillingsly2z@cdbaby.com,Abatz,Accounting
7839216676,Pansy,Whinney,pwhinney30@sun.com,Thoughtworks,Business Development
6786384080,Elianore,Aynsley,eaynsley31@google.it,Zoonder,Research and Development
4919439059,Alyssa,Conyard,aconyard32@ca.gov,Voolia,Accounting
9560966111,Winfield,Ord,word33@abc.net.au,Viva,Product Management
3524272754,Onofredo,Richardt,orichardt34@gov.uk,Npath,Business Development
1778337953,Bianca,Copo,bcopo35@noaa.gov,Gigabox,Support
1107206685,Orelie,Rubbens,orubbens36@wired.com,Skyba,Marketing
1795720344,Tamiko,Beamont,tbeamont37@nydailynews.com,Lajo,Sales
2285575440,Hanny,Thaw,hthaw38@networksolutions.com,Tavu,Legal
5501270331,Emelyne,Agget,eagget39@si.edu,Gigabox,Marketing
2164535324,Marylin,Dagless,mdagless3a@ed.gov,Babbleblab,Accounting
8447602346,Anatol,Clementucci,aclementucci3b@cpanel.net,Janyx,Product Management
0371065070,Roxane,Volant,rvolant3c@admin.ch,Gigaclub,Marketing
8405731628,Tally,Shutler,tshutler3d@multiply.com,Geba,Research and Development
3451193655,Gerrard,Izaac,gizaac3e@soup.io,Oba,Training
9934113317,Grannie,Bladen,gbladen3f@godaddy.com,Tanoodle,Training
2493436903,Anabal,Bienvenu,abienvenu3g@hatena.ne.jp,Youspan,Sales
7108212803,Karissa,Tasseler,ktasseler3h@msn.com,Youopia,Product Management
5164945266,Libbey,Hambatch,lhambatch3i@example.com,Browsetype,Legal
1253720991,Obadiah,Forrington,oforrington3j@miibeian.gov.cn,Skinte,Accounting
1188929860,Derrick,Franciskiewicz,dfranciskiewicz3k@woothemes.com,Npath,Business Development
5646127483,Bambie,Batts,bbatts3l@cbc.ca,Linktype,Human Resources
2067662392,Robinett,Trevan,rtrevan3m@google.cn,Latz,Marketing
9626809876,Dorene,Swalteridge,dswalteridge3n@shinystat.com,Katz,Business Development
6703268525,Editha,Baskett,ebaskett3o@hc360.com,Dabvine,Marketing
0656794798,Osmund,Warrener,owarrener3p@joomla.org,Livefish,Business Development
9120535171,Zarla,Le Claire,zleclaire3q@imdb.com,Skynoodle,Services
4349111646,Wilmar,Grissett,wgrissett3r@biglobe.ne.jp,Thoughtworks,Services
3390249125,Sharyl,Lyven,slyven3s@macromedia.com,Brainsphere,Support
1101504897,Shoshana,Darley,sdarley3t@oakley.com,Flashpoint,Product Management
5943648674,Lurleen,Pygott,lpygott3u@hhs.gov,Thoughtstorm,Services
4878245964,Cyrille,Mathews,cmathews3v@delicious.com,JumpXS,Sales
2265409596,Beverlee,MacCleay,bmaccleay3w@theatlantic.com,Skiba,Marketing
6916374101,Bronson,Creer,bcreer3x@mayoclinic.com,Feednation,Accounting
9180402062,Norean,Shakle,nshakle3y@mlb.com,Meeveo,Marketing
2844464564,Barbabra,Ziemecki,bziemecki3z@yale.edu,Eadel,Training
7000184116,Louise,Van Haeften,lvanhaeften40@theguardian.com,Blogspan,Sales
8672472322,Clayborne,Templar,ctemplar41@nymag.com,Riffpedia,Human Resources
6610733228,Floria,Dike,fdike42@auda.org.au,Babbleset,Marketing
4626992943,Garland,Scarre,gscarre43@webmd.com,Divape,Business Development
6315809014,Noelle,Aksell,naksell44@meetup.com,Fatz,Research and Development
7366430390,Luisa,Davenall,ldavenall45@tinypic.com,Skimia,Accounting
6554674365,Jessa,Gerram,jgerram46@cbslocal.com,Dablist,Training
6507910988,Arlan,Beckers,abeckers47@amazon.de,Gabtune,Support
7049533130,Rowney,Tremblet,rtremblet48@histats.com,Tambee,Training
3762685894,Valentina,Tilbey,vtilbey49@bbb.org,Quire,Legal
2596636018,Emiline,Twiddle,etwiddle4a@umn.edu,Lazzy,Legal
4078435696,Judd,Ties,jties4b@odnoklassniki.ru,Eayo,Marketing
8674612970,Abagael,Banfield,abanfield4c@elpais.com,Flashdog,Services
7236720747,Arv,Tuppeny,atuppeny4d@cam.ac.uk,Mydo,Research and Development
3093832519,Philippine,Farrin,pfarrin4e@va.gov,Quinu,Marketing
7854017670,Antonella,Banner,abanner4f@pen.io,Twitterlist,Engineering
7488979125,Augustine,Schlagman,aschlagman4g@ihg.com,Topicstorm,Engineering
6128922929,Molli,Sallans,msallans4h@zimbio.com,Livetube,Accounting
5543032196,Sandro,Herreran,sherreran4i@prnewswire.com,Yacero,Engineering
2344231250,Guthrey,Soan,gsoan4j@icio.us,Dabvine,Accounting
3390393080,Errol,Pfeffel,epfeffel4k@wisc.edu,Jayo,Support
7005810430,Abelard,Wathall,awathall4l@elpais.com,Oyope,Product Management
3783051355,Izabel,Mapis,imapis4m@fema.gov,Teklist,Support
6136024608,Marc,Renvoise,mrenvoise4n@smh.com.au,Bubbletube,Business Development
6552300514,Ulric,Armin,uarmin4o@msn.com,Leexo,Engineering
4190087858,Loy,Blowing,lblowing4p@telegraph.co.uk,Realfire,Marketing
3299052292,Arnold,Tattoo,atattoo4q@comcast.net,Twitterwire,Human Resources
1978665180,Cristionna,Tweedell,ctweedell4r@sohu.com,Yacero,Marketing
3485916390,Meggy,Gullifant,mgullifant4s@google.co.uk,Thoughtsphere,Business Development
9767887644,Iosep,Daton,idaton4t@biblegateway.com,Divape,Training
6663514687,Muire,Slarke,mslarke4u@marriott.com,Skalith,Human Resources
8379202120,Sherwin,Klewi,sklewi4v@epa.gov,Agimba,Research and Development
3850383741,Mia,Albutt,malbutt4w@msn.com,Zooxo,Product Management
0880305444,Amalea,Ewbach,aewbach4x@eepurl.com,Skimia,Services
4920446896,Tonia,Tellenbrook,ttellenbrook4y@digg.com,Skimia,Legal
9782897833,Monroe,Tizard,mtizard4z@alibaba.com,Wordtune,Research and Development
4865704450,Nicola,Ondrus,nondrus50@phpbb.com,Yambee,Sales
3144609846,Ilyssa,Kesey,ikesey51@typepad.com,Photobean,Accounting
3065261901,Stormie,Casacchia,scasacchia52@booking.com,Trupe,Training
9463726195,Bobbie,McNay,bmcnay53@mapy.cz,Jaxnation,Product Management
1756013039,Bard,Maben,bmaben54@jiathis.com,Yadel,Business Development
3615796128,Hyacinthie,Anscott,hanscott55@twitter.com,Trilith,Human Resources
2052781927,Way,Huntly,whuntly56@utexas.edu,Dazzlesphere,Accounting
1176707116,Jecho,Rocco,jrocco57@miibeian.gov.cn,Thoughtblab,Business Development
6173430339,Gianni,Guerra,gguerra58@uol.com.br,Mita,Accounting
5924763773,Sydney,Ritchings,sritchings59@networksolutions.com,Vidoo,Support
6618962846,Kaja,Dawbury,kdawbury5a@blogspot.com,Linkbuzz,Engineering
4822108333,Austin,Lepoidevin,alepoidevin5b@prweb.com,Quamba,Support
1710267054,Isaac,Denkel,idenkel5c@illinois.edu,Kwimbee,Accounting
7289558197,Rosemonde,Wise,rwise5d@wsj.com,Realfire,Support
4870227207,Giorgi,Boggon,gboggon5e@bluehost.com,Oyoba,Engineering
0962129143,Julian,Earney,jearney5f@amazon.de,Snaptags,Services
0649462157,Aksel,Grodden,agrodden5g@squidoo.com,Feedfish,Sales
1852671068,Pablo,Snozzwell,psnozzwell5h@ucoz.ru,Ailane,Human Resources
9846952406,Marleah,Eastbrook,meastbrook5i@wikispaces.com,Digitube,Training
0638299969,Elset,Wiffield,ewiffield5j@army.mil,Realbridge,Support
5153204448,Elinore,Petigrew,epetigrew5k@trellian.com,Leenti,Training
0898126231,Cletis,Ferrarone,cferrarone5l@army.mil,Buzzdog,Marketing
5484765293,Sheila-kathryn,McGeechan,smcgeechan5m@bizjournals.com,Fatz,Product Management
7288348113,Cecilio,Sherwen,csherwen5n@businessweek.com,Vitz,Product Management
8517694872,Kat,Graeser,kgraeser5o@scientificamerican.com,Zoonder,Training
6862122843,Felice,Briddock,fbriddock5p@spiegel.de,Browsetype,Human Resources
0048122424,Cesaro,Buzine,cbuzine5q@example.com,Skajo,Engineering
3227829886,Carlyle,Kiddle,ckiddle5r@fc2.com,Blogspan,Product Management
6827781615,Daniela,Ewenson,dewenson5s@fda.gov,Cogibox,Human Resources
7714596732,Hyacintha,Threadgould,hthreadgould5t@jugem.jp,Bubblebox,Accounting
4122969026,Tynan,Lofthouse,tlofthouse5u@dedecms.com,Kwinu,Product Management
7436845535,Tonie,Favill,tfavill5v@guardian.co.uk,Gabvine,Accounting
9012733278,Jazmin,Davidsohn,jdavidsohn5w@sourceforge.net,Kanoodle,Services
9077564837,Maddalena,Fitton,mfitton5x@wunderground.com,Gabtype,Legal
4859824350,Edouard,Patey,epatey5y@ocn.ne.jp,Yodel,Product Management
5098069815,Janos,Sacaze,jsacaze5z@china.com.cn,Tagchat,Marketing
9595026123,Boote,Toun,btoun60@mlb.com,Browsetype,Engineering
3958257984,Berk,Joul,bjoul61@barnesandnoble.com,Tazz,Support
5918031618,Norbert,Beartup,nbeartup62@illinois.edu,Browsezoom,Legal
9379538987,Maurits,Seyers,mseyers63@delicious.com,Thoughtbridge,Training
1949316912,Ilise,Pottie,ipottie64@hubpages.com,Voonder,Marketing
9132827970,Barbara,Bestar,bbestar65@ucoz.com,Voolith,Product Management
5997544966,Elisabet,Berringer,eberringer66@ustream.tv,Snaptags,Human Resources
4813524052,Galven,Lockie,glockie67@webeden.co.uk,Jabberbean,Business Development
8214553261,Venus,Roncelli,vroncelli68@dailymotion.com,Zoomlounge,Support
9010670651,Liz,Westphalen,lwestphalen69@house.gov,Voomm,Services
1885984820,Phip,Gadie,pgadie6a@xing.com,Thoughtbeat,Product Management
4129187406,Willi,Van der Baaren,wvanderbaaren6b@businesswire.com,Quimba,Legal
7792989216,Carney,Kraut,ckraut6c@spotify.com,Jabbersphere,Product Management
9400543549,Bentlee,Emsley,bemsley6d@chicagotribune.com,Realcube,Human Resources
2300888483,Napoleon,MacFaul,nmacfaul6e@ucsd.edu,Jetpulse,Training
0849024463,Lorilyn,Shanahan,lshanahan6f@youtu.be,Jatri,Services
5268767461,Addy,Faro,afaro6g@dot.gov,Yodel,Services
8576974002,Kahaleel,Blazewski,kblazewski6h@newsvine.com,Kazu,Sales
3101140609,Clare,Feakins,cfeakins6i@is.gd,Livetube,Engineering
2091401609,Duke,Whettleton,dwhettleton6j@artisteer.com,Wikido,Support
8038530802,Ginger,Ozelton,gozelton6k@barnesandnoble.com,Wikizz,Product Management
5541602467,Fae,Seal,fseal6l@ow.ly,Jabbercube,Support
6022642167,Sayers,Loidl,sloidl6m@epa.gov,Voonix,Accounting
8250488466,Petronille,Haycox,phaycox6n@acquirethisname.com,Quimba,Research and Development
2113090538,Daron,Berridge,dberridge6o@bbc.co.uk,Browsecat,Services
5656315983,Brand,Aime,baime6p@uiuc.edu,Photobean,Services
4235984772,Perl,Dootson,pdootson6q@globo.com,Gevee,Marketing
9316372259,Karney,Seamarke,kseamarke6r@dagondesign.com,Avamm,Marketing
9281155532,Massimiliano,Francklyn,mfrancklyn6s@ucla.edu,Thoughtstorm,Product Management
8791688248,Cozmo,Overbury,coverbury6t@ebay.co.uk,Zoomdog,Product Management
5462099649,Kass,Andriuzzi,kandriuzzi6u@msn.com,Npath,Legal
4858407896,Amye,Loudian,aloudian6v@illinois.edu,Livetube,Research and Development
9982399993,Pearle,Bontein,pbontein6w@sogou.com,Quimm,Business Development
5035167704,Clemente,McNeigh,cmcneigh6x@wired.com,Topicware,Engineering
1030906505,Brittan,Seery,bseery6y@cnbc.com,Brainverse,Legal
2632746930,Wilhelm,Higgonet,whiggonet6z@usnews.com,Browsebug,Research and Development
5331064795,Ansel,Lippiett,alippiett70@pbs.org,Tambee,Marketing
3580373420,Erna,Cockren,ecockren71@dagondesign.com,Devbug,Sales
1559555696,Carry,Gommes,cgommes72@tinypic.com,Livepath,Sales
1742069320,Thibaud,Arnaudet,tarnaudet73@buzzfeed.com,Feedspan,Accounting
8532786170,Domingo,Tourmell,dtourmell74@blinklist.com,Kayveo,Accounting
5860511604,Homerus,Wooles,hwooles75@cpanel.net,Talane,Services
0155654209,Carola,Slaight,cslaight76@opensource.org,Aimbo,Engineering
5514913759,Leia,Simonaitis,lsimonaitis77@imdb.com,Gabvine,Human Resources
1039468845,Shay,Knell,sknell78@psu.edu,Ntags,Accounting
0726094781,Gerrie,Sloley,gsloley79@ow.ly,Skinte,Accounting
2503283918,Viviyan,Huggard,vhuggard7a@tamu.edu,Shufflester,Human Resources
1376498022,Brier,Campes,bcampes7b@weather.com,Thoughtstorm,Legal
0592097838,Rickey,Baxter,rbaxter7c@shareasale.com,Gabvine,Engineering
5901366727,Tynan,Raynard,traynard7d@google.co.uk,Wordtune,Accounting
4598316454,Kellia,Romanin,kromanin7e@liveinternet.ru,Agivu,Marketing
8164444499,Harper,Dalyiel,hdalyiel7f@hc360.com,Brightdog,Training
6756506366,Baird,Dalgety,bdalgety7g@ezinearticles.com,Twitternation,Support
0356122832,Weylin,Lawley,wlawley7h@amazon.de,Skimia,Research and Development
2624598731,Tonya,Creasy,tcreasy7i@g.co,Demimbu,Accounting
0845092529,Lockwood,Fieller,lfieller7j@alibaba.com,Miboo,Sales
9720810556,Keenan,Monsey,kmonsey7k@godaddy.com,Twitterbeat,Engineering
7405710042,Kenna,Hughf,khughf7l@youtube.com,Talane,Human Resources
4543387554,Barbe,Deverell,bdeverell7m@blogs.com,Trupe,Product Management
2080846841,Jorie,Gossage,jgossage7n@globo.com,Abata,Research and Development
4995104844,Hanna,Prebble,hprebble7o@jimdo.com,Meevee,Research and Development
0829813047,Odo,Totaro,ototaro7p@cnn.com,Npath,Accounting
0382955633,Calhoun,Duberry,cduberry7q@amazon.com,Linklinks,Training
1926505565,Claribel,Dedrick,cdedrick7r@narod.ru,Izio,Human Resources
3929019310,Eb,Philbin,ephilbin7s@360.cn,Omba,Marketing
8958788933,Evie,Crumbleholme,ecrumbleholme7t@chronoengine.com,Photolist,Business Development
5600596073,Adlai,Goford,agoford7u@de.vu,Babblestorm,Sales
3914060972,Lolita,Sidon,lsidon7v@shareasale.com,Cogibox,Services
9648398577,Ingamar,Matisoff,imatisoff7w@samsung.com,Realbridge,Accounting
9796665832,Esdras,Gorini,egorini7x@gov.uk,Zazio,Research and Development
7271553614,Estele,De Pietri,edepietri7y@who.int,Meedoo,Legal
5127210711,Peggi,Faye,pfaye7z@cmu.edu,Janyx,Engineering
4145328531,Ozzy,Bovaird,obovaird80@imdb.com,Yakijo,Human Resources
3393822179,Margret,Froome,mfroome81@pinterest.com,Skinder,Engineering
2746751356,Maxim,Antrim,mantrim82@amazon.de,Zoozzy,Training
0421663375,Shep,Cheevers,scheevers83@theguardian.com,Kwinu,Business Development
1917308124,Ezra,Roger,eroger84@tumblr.com,Voomm,Accounting
9873015167,Josy,Dinneen,jdinneen85@wisc.edu,Rhycero,Engineering
5773667339,Raoul,Remmer,rremmer86@ebay.com,Jayo,Product Management
2940649480,Shaylynn,Lawerence,slawerence87@quantcast.com,Latz,Legal
0092376193,Red,Huebner,rhuebner88@blinklist.com,Plajo,Legal
5120339042,Silvio,Standbridge,sstandbridge89@nymag.com,Gabspot,Human Resources
4008951644,Gertrudis,Spencer,gspencer8a@wiley.com,Buzzster,Marketing
5346577866,Alanna,Dust,adust8b@i2i.jp,Avaveo,Marketing
9096182332,Jobey,Bonin,jbonin8c@meetup.com,Tekfly,Legal
5058554127,Ulla,Richings,urichings8d@theglobeandmail.com,Jetwire,Sales
7891121117,Katya,Braidford,kbraidford8e@spotify.com,Browsebug,Sales
4290268277,Cecily,Shawyer,cshawyer8f@answers.com,Zoomcast,Engineering
4298177009,Philippine,Kime,pkime8g@symantec.com,Lazzy,Accounting
3833982772,Roseanne,De Blasiis,rdeblasiis8h@usda.gov,Mynte,Services
2946549992,Emmet,Bramelt,ebramelt8i@marketwatch.com,Myworks,Accounting
6457201741,Ermanno,Southcombe,esouthcombe8j@woothemes.com,Viva,Business Development
2146929189,Gay,Irnys,girnys8k@gnu.org,LiveZ,Research and Development
9120356900,Beaufort,Medcalfe,bmedcalfe8l@yolasite.com,Shuffletag,Business Development
8619663585,Adelaida,Ovid,aovid8m@cbslocal.com,Plajo,Accounting
7090647145,Parnell,McKenzie,pmckenzie8n@ca.gov,Flashpoint,Human Resources
4791307739,Concordia,Cummine,ccummine8o@g.co,Meezzy,Support
4435146436,Wilow,MacKniely,wmackniely8p@cdc.gov,Teklist,Engineering
5458667646,Mathian,Venn,mvenn8q@cbsnews.com,Cogilith,Product Management
6445129803,Gregor,Bennett,gbennett8r@smh.com.au,Twimm,Sales
6298867953,Hobey,Dyott,hdyott8s@paypal.com,Avamba,Legal
3260701621,Doretta,McCloughen,dmccloughen8t@ow.ly,Zoomcast,Business Development
0990088049,Candi,Schirach,cschirach8u@seesaa.net,Bubbletube,Support
1627633065,Modesta,Kaser,mkaser8v@g.co,Jabbercube,Marketing
3020229936,Petey,Schonfeld,pschonfeld8w@ifeng.com,Realbuzz,Business Development
5146721157,Darrelle,Chang,dchang8x@google.it,Twimbo,Accounting
2325161080,Briant,Rohloff,brohloff8y@ovh.net,Edgeclub,Support
5641062413,Seumas,Banaszkiewicz,sbanaszkiewicz8z@jimdo.com,Bluezoom,Training
6433329160,Deane,Menauteau,dmenauteau90@liveinternet.ru,Zoomcast,Accounting
8351327115,Rogerio,Siddele,rsiddele91@nytimes.com,Skimia,Legal
1025455096,Bartholomeus,Popping,bpopping92@toplist.cz,Gigabox,Engineering
5272736850,Florance,Coupman,fcoupman93@bandcamp.com,Skiptube,Legal
6136797410,Skye,Varfolomeev,svarfolomeev94@acquirethisname.com,Zooveo,Human Resources
0713879696,Davidson,Hebard,dhebard95@google.fr,Edgeclub,Human Resources
0829450696,Chick,Keynes,ckeynes96@about.com,Topicblab,Product Management
5986188519,Kizzee,Lamming,klamming97@wiley.com,Oozz,Business Development
6309837796,Der,MacTrustam,dmactrustam98@nasa.gov,Jaxbean,Services
7081129870,Isidoro,Skillett,iskillett99@google.de,Edgeify,Accounting
1235088340,Marigold,Kenwright,mkenwright9a@flickr.com,Flipbug,Training
0292934602,Minna,Antoniottii,mantoniottii9b@whitehouse.gov,Voonyx,Services
6826153823,Becki,Bassham,bbassham9c@dailymotion.com,Skinix,Engineering
0156127970,Tammy,Rosenschein,trosenschein9d@japanpost.jp,Ooba,Support
5396138386,Joli,Tracy,jtracy9e@so-net.ne.jp,Bluezoom,Product Management
9690116282,Marisa,Waleworke,mwaleworke9f@cbsnews.com,Jabbertype,Accounting
0447041630,Shara,Abbett,sabbett9g@tiny.cc,Avamba,Legal
8837046766,Hershel,Skeldinge,hskeldinge9h@rediff.com,Zoomzone,Legal
7729635321,Heriberto,Reinbech,hreinbech9i@yolasite.com,Zoozzy,Marketing
0708440177,Ashli,Hamman,ahamman9j@github.io,Kwimbee,Engineering
4573889744,Eal,Lainton,elainton9k@admin.ch,Dabvine,Marketing
4886875432,Tremaine,Warnes,twarnes9l@nydailynews.com,Thoughtblab,Training
1573895024,Kissiah,Ladbrooke,kladbrooke9m@reference.com,Oyoyo,Business Development
1908722681,Charlena,Poacher,cpoacher9n@oaic.gov.au,Jaxbean,Services
4756426107,Annie,Tommis,atommis9o@shop-pro.jp,Topicblab,Product Management
3907492900,Joleen,Hurdiss,jhurdiss9p@de.vu,Oyoba,Support
1827569514,Teresina,Clewer,tclewer9q@acquirethisname.com,Yata,Engineering
8238981980,Salvatore,Faucett,sfaucett9r@creativecommons.org,Camimbo,Training
2352468728,Gordie,Lidierth,glidierth9s@stumbleupon.com,Yombu,Research and Development
9914572162,Dorian,Braemer,dbraemer9t@amazon.de,Jaxworks,Product Management
6601245666,Luz,Kielty,lkielty9u@sun.com,Jabbertype,Accounting
7219003358,Alisha,Lamperd,alamperd9v@technorati.com,Ooba,Engineering
7968603234,Lily,Ibert,libert9w@printfriendly.com,Leexo,Legal
8018908605,Danica,Glowach,dglowach9x@oakley.com,Gigashots,Legal
3574436033,Anselma,Cristou,acristou9y@blinklist.com,Kwideo,Legal
6358310399,Marietta,Schrader,mschrader9z@chronoengine.com,Omba,Support
4039700309,Noach,Pharaoh,npharaoha0@craigslist.org,Fivebridge,Research and Development
7215185184,Romola,Riddles,rriddlesa1@usgs.gov,Meevee,Services
3787383794,Roxy,Mac,rmaca2@google.com,Meevee,Legal
6719966030,Lovell,Enefer,lenefera3@army.mil,Zoombox,Marketing
8090014895,Holli,Oguz,hoguza4@about.com,Skyvu,Training
5970174793,Babb,Malan,bmalana5@sogou.com,Realmix,Legal
5833270618,Kalvin,Cotta,kcottaa6@loc.gov,Kare,Support
6872001690,Patsy,Hilhouse,philhousea7@washingtonpost.com,Eare,Marketing
7740482501,Al,Lorentz,alorentza8@sakura.ne.jp,Thoughtbeat,Support
1123074097,Nanni,Harrema,nharremaa9@noaa.gov,LiveZ,Human Resources
8167687422,Yorgos,Ovesen,yovesenaa@taobao.com,Skyndu,Training
9001255183,Cherise,Leathart,cleathartab@phpbb.com,Photolist,Marketing
8205148252,Randene,Union,runionac@blogspot.com,Gabtype,Legal
0437632377,Esteban,Saunton,esauntonad@unesco.org,Bluezoom,Accounting
6730244143,Giraldo,Wasteney,gwasteneyae@google.de,Plambee,Support
2797087089,Carce,Margery,cmargeryaf@pcworld.com,Zooveo,Product Management
0881443948,Stacee,Branigan,sbraniganag@cdbaby.com,Jayo,Business Development
9399886824,Teodoro,Sewall,tsewallah@sakura.ne.jp,Quamba,Research and Development
1051342228,Gertrud,Waldren,gwaldrenai@whitehouse.gov,Abatz,Product Management
2550164911,Andrea,MacVagh,amacvaghaj@deliciousdays.com,Flipstorm,Services
5514039064,Joey,Littleproud,jlittleproudak@ca.gov,Gigaclub,Legal
6019322467,Elita,Offener,eoffeneral@jalbum.net,Voonder,Sales
3286728500,Cole,Blachford,cblachfordam@tripadvisor.com,Bluezoom,Product Management
1403849153,Bree,Dewdeny,bdewdenyan@macromedia.com,Vinder,Training
8285293017,Juliane,Loughnan,jloughnanao@yolasite.com,Quimm,Support
2404423517,Glennis,Denys,gdenysap@paginegialle.it,Tagpad,Legal
7337231407,Garth,Cherry,gcherryaq@disqus.com,Voonix,Human Resources
2236319215,Alphard,Goodale,agoodalear@instagram.com,Youtags,Research and Development
3589728116,Ernaline,Breton,ebretonas@rediff.com,Tanoodle,Human Resources
3724412819,Lynnelle,Randlesome,lrandlesomeat@twitpic.com,Jayo,Business Development
1335087362,Karney,Dast,kdastau@webs.com,Rhyzio,Marketing
6264463361,Spense,Sebrens,ssebrensav@printfriendly.com,Meejo,Human Resources
6939222839,Lexi,Carlson,lcarlsonaw@digg.com,Twimm,Support
9590071775,Kellie,Fairbeard,kfairbeardax@xrea.com,Voonder,Research and Development
8794496986,Flor,Sollner,fsollneray@goo.gl,Oyoyo,Product Management
4137116644,Eydie,Matlock,ematlockaz@answers.com,Rooxo,Training
7474705524,Earl,Heynel,eheynelb0@github.com,Youopia,Business Development
0572451938,Chicky,Piburn,cpiburnb1@mediafire.com,Babbleblab,Research and Development
8249758919,Suzanna,Ansell,sansellb2@cbslocal.com,Realpoint,Sales
4454502056,Ashbey,Bunten,abuntenb3@columbia.edu,Digitube,Support
9672141041,Anneliese,Collum,acollumb4@psu.edu,Demivee,Legal
4440847684,Beatriz,Iacobo,biacobob5@vistaprint.com,Dabtype,Support
0017806437,Elliot,Horrigan,ehorriganb6@deliciousdays.com,Youbridge,Legal
7310660013,Abe,Frederick,afrederickb7@ow.ly,Bubblebox,Research and Development
3385802482,Jeno,Bendare,jbendareb8@scribd.com,Mybuzz,Engineering
6709762165,Janey,Milland,jmillandb9@merriam-webster.com,Rhynoodle,Support
7659163485,Forbes,Fackrell,ffackrellba@amazonaws.com,Feedfire,Accounting
8617563036,Raynard,Treverton,rtrevertonbb@histats.com,Zoonoodle,Marketing
8461564561,Winifield,Foddy,wfoddybc@ow.ly,Aimbo,Training
4133369637,Kristo,Buttler,kbuttlerbd@networksolutions.com,Jaxnation,Services
1446741168,Mirabelle,Mulligan,mmulliganbe@wordpress.com,Yodoo,Engineering
6672932755,Nissy,Tighe,ntighebf@infoseek.co.jp,Tekfly,Legal
0928578631,Reuben,Scanlin,rscanlinbg@lulu.com,Youopia,Support
1320875998,Brooke,Ferraresi,bferraresibh@github.com,Gigazoom,Sales
3342927615,Gale,Drewett,gdrewettbi@behance.net,Bubblebox,Human Resources
7913875569,Matthaeus,Jagger,mjaggerbj@springer.com,Riffpedia,Sales
5165941957,Zea,Davisson,zdavissonbk@multiply.com,Linkbridge,Marketing
6943345672,Nancee,Chetwind,nchetwindbl@delicious.com,Fiveclub,Training
8699872267,Linda,Smogur,lsmogurbm@facebook.com,Livetube,Marketing
9966764860,Wallie,Clopton,wcloptonbn@twitter.com,Twitterwire,Legal
9957518682,Talia,Bernier,tbernierbo@gizmodo.com,Topiclounge,Sales
8554730402,Wenda,Trower,wtrowerbp@forbes.com,Camido,Support
0610269399,Mariska,Brede,mbredebq@sphinn.com,Cogibox,Services
0653352921,Dulcinea,Labarre,dlabarrebr@marriott.com,Meemm,Human Resources
4258954187,Sherline,Longhorne,slonghornebs@bizjournals.com,Thoughtmix,Human Resources
3428211537,Shelba,Dyball,sdyballbt@elegantthemes.com,Quinu,Legal
7317715611,Norine,Tissell,ntissellbu@4shared.com,Thoughtblab,Business Development
6927867317,Hester,Boschmann,hboschmannbv@plala.or.jp,Skiptube,Training
8555833868,Corey,Eich,ceichbw@storify.com,Jabbersphere,Marketing
2070725278,Kerby,Slessor,kslessorbx@rakuten.co.jp,Browsetype,Support
6113774341,Glyn,Binney,gbinneyby@ucsd.edu,Chatterbridge,Training
7353936010,Mendel,Philps,mphilpsbz@yahoo.com,Edgewire,Accounting
2919633198,Krissie,Cinavas,kcinavasc0@i2i.jp,Eazzy,Human Resources
4122023378,Nelle,Sterman,nstermanc1@webeden.co.uk,Oba,Legal
2559417030,Tasha,Way,twayc2@amazonaws.com,Gabtype,Support
6540404751,Billi,Sherrum,bsherrumc3@xing.com,Mymm,Business Development
6368633174,Jeremiah,Yerill,jyerillc4@sphinn.com,Kwilith,Marketing
6934547659,Elonore,Markey,emarkeyc5@mlb.com,Linklinks,Research and Development
4172137741,Dwight,Hanley,dhanleyc6@amazon.co.uk,Kazu,Support
1956459456,Whitney,Reschke,wreschkec7@barnesandnoble.com,Mynte,Legal
2010288130,Mae,Ockendon,mockendonc8@mail.ru,Meemm,Research and Development
3976834017,Giacomo,Hackin,ghackinc9@people.com.cn,Cogilith,Business Development
8092076138,Simmonds,Sanger,ssangerca@forbes.com,Twinder,Research and Development
8170010918,Dud,Dunster,ddunstercb@ask.com,Digitube,Human Resources
1714971554,Katerina,Mills,kmillscc@deliciousdays.com,Jaxbean,Sales
7688674700,Keefe,Grinstead,kgrinsteadcd@smh.com.au,Latz,Support
1814042687,Anna-diane,Pledger,apledgerce@blinklist.com,Wordtune,Training
0864759991,Cammy,Ranscome,cranscomecf@yandex.ru,Devpulse,Training
5335948329,Celestina,Coolahan,ccoolahancg@senate.gov,Fivechat,Training
9651732172,Court,Keesman,ckeesmanch@canalblog.com,Dabshots,Business Development
9346464992,Henryetta,Baroc,hbarocci@taobao.com,Youfeed,Support
2882499116,Skippy,McAuslan,smcauslancj@google.fr,Einti,Marketing
0829226923,Missy,Harragin,mharraginck@usgs.gov,Meezzy,Legal
0849584825,Arthur,Montel,amontelcl@ihg.com,DabZ,Engineering
6583476398,Deeyn,Antognazzi,dantognazzicm@usatoday.com,Quire,Engineering
8567472415,Lannie,Lodin,llodincn@constantcontact.com,Yozio,Support
3960944438,Anne-marie,Downey,adowneyco@shareasale.com,Topiclounge,Human Resources
1590247329,Cari,Mealing,cmealingcp@home.pl,Reallinks,Accounting
1081321202,Elfreda,Pettyfar,epettyfarcq@topsy.com,Chatterpoint,Support
4847381017,Sheila,Hicken,shickencr@state.gov,Pixope,Services
5771984957,Torrance,Dacks,tdackscs@zdnet.com,Yozio,Marketing
5128258491,Camilla,Dreye,cdreyect@goo.gl,Wordtune,Human Resources
0656390468,Hildagard,Yegorovnin,hyegorovnincu@fastcompany.com,Trupe,Engineering
2991023767,Thorsten,Smythin,tsmythincv@parallels.com,Quire,Legal
5219922440,Jere,Quogan,jquogancw@miibeian.gov.cn,Feedfish,Marketing
9746770691,Shea,Dowe,sdowecx@scribd.com,Roombo,Research and Development
1464363099,Fidelity,Jeans,fjeanscy@ucoz.ru,Lajo,Product Management
0494975083,Godfrey,Di Ruggiero,gdiruggierocz@thetimes.co.uk,Divanoodle,Training
6670287666,Kimberlyn,Varlow,kvarlowd0@biblegateway.com,Demizz,Product Management
4261055961,Evvie,Pimley,epimleyd1@oracle.com,Dabjam,Training
0987798049,Scottie,Barwood,sbarwoodd2@hexun.com,Kayveo,Research and Development
1597277932,Bertrando,McRonald,bmcronaldd3@amazonaws.com,Jaxspan,Support
4082841997,Freemon,Boshard,fboshardd4@timesonline.co.uk,Oyonder,Training
5269918145,Brandtr,Touson,btousond5@1688.com,Livetube,Business Development
2484031467,Abey,Danieli,adanielid6@google.co.jp,Shufflester,Marketing
4145360753,Merwin,Madine,mmadined7@tripadvisor.com,Kimia,Sales
5195794243,Karl,Manilove,kmaniloved8@fotki.com,Dabfeed,Accounting
6860161280,Vida,Shrubshall,vshrubshalld9@drupal.org,Brightbean,Legal
7854132399,Arnaldo,Posselow,aposselowda@bloomberg.com,Devbug,Training
5802511419,Adrea,Greneham,agrenehamdb@hostgator.com,Feednation,Product Management
5880815757,Chelsy,Storch,cstorchdc@photobucket.com,Eare,Engineering
7539126531,Stefa,Cod,scoddd@seesaa.net,Tanoodle,Training
4037404273,Fields,Saenz,fsaenzde@jimdo.com,Tagtune,Human Resources
9205517135,Wye,Delete,wdeletedf@marriott.com,Midel,Accounting
7631760810,Alfonse,Arden,aardendg@yolasite.com,Jabbercube,Human Resources
2141003377,Dix,Greet,dgreetdh@webnode.com,Innojam,Business Development
8860182522,Noellyn,Euston,neustondi@ebay.com,Nlounge,Legal
8836462693,Jobye,Bazelle,jbazelledj@cnn.com,Brainsphere,Services
6007905896,Haily,Stert,hstertdk@mail.ru,Yadel,Marketing
7610469025,Tuesday,Friman,tfrimandl@time.com,Youspan,Human Resources
5179084601,Tommie,Facer,tfacerdm@examiner.com,Lazz,Marketing
8021808438,Daniel,Scogings,dscogingsdn@apache.org,Kanoodle,Legal
9136000256,Cynde,Broxap,cbroxapdo@nifty.com,Feedbug,Support
1341913066,Ivette,O'dell,iodelldp@chronoengine.com,Fivechat,Business Development
1066030030,Pippa,Durrell,pdurrelldq@xrea.com,Cogidoo,Business Development
3579840592,Howey,Skeeles,hskeelesdr@rambler.ru,Dynazzy,Engineering
1704714680,Marne,Hurrion,mhurrionds@jiathis.com,Demivee,Business Development
2872451382,Dennie,Skryne,dskrynedt@redcross.org,Edgewire,Legal
7415189345,Amalie,Swafford,aswafforddu@thetimes.co.uk,Babbleset,Marketing
5008248596,Sosanna,Rodenburg,srodenburgdv@bloglines.com,Fivebridge,Legal
8541546241,Marillin,Bricket,mbricketdw@seesaa.net,Twitterworks,Research and Development
4419299843,Yul,Ivanchov,yivanchovdx@ebay.com,Browsedrive,Training
4796543392,Enos,Jewster,ejewsterdy@slate.com,Blogtags,Support
6395263420,Anna-diana,Rogez,arogezdz@time.com,Youbridge,Training
3469315833,Cairistiona,Pedler,cpedlere0@house.gov,Devpulse,Research and Development
5615318694,Willard,Jahns,wjahnse1@soundcloud.com,Plajo,Marketing
9104743466,Christine,McArthur,cmcarthure2@livejournal.com,Linktype,Accounting
8070653388,Sharona,Saiger,ssaigere3@wordpress.com,Tagfeed,Human Resources
5216958592,Garfield,Oleszczak,goleszczake4@elegantthemes.com,Oyoloo,Engineering
9822101309,Fanya,MacIan,fmaciane5@bing.com,Buzzbean,Engineering
6675097954,Dewie,Dodsworth,ddodsworthe6@rambler.ru,Abata,Legal
3024722092,Perry,Ivy,pivye7@pen.io,Flipbug,Business Development
6586566169,Jillane,Ekkel,jekkele8@com.com,Meevee,Sales
8512768878,Dewain,De Laspee,ddelaspeee9@51.la,Skyndu,Human Resources
3156405825,Melisse,Rowson,mrowsonea@booking.com,Jetwire,Marketing
7456515166,Andreas,Slaight,aslaighteb@bbc.co.uk,Fatz,Sales
3448381365,Emmalyn,Fells,efellsec@patch.com,Flipbug,Support
2629894320,Corty,Frankcombe,cfrankcombeed@ehow.com,Photofeed,Accounting
1679631349,Marietta,Charle,mcharleee@ucla.edu,Yakidoo,Product Management
3415383725,Orlan,Vasentsov,ovasentsovef@blinklist.com,Youspan,Services
4677385203,Zebadiah,Arendsen,zarendseneg@purevolume.com,Eidel,Business Development
7365103531,Layton,Restill,lrestilleh@reverbnation.com,Meemm,Legal
0066578981,Stanislaw,Dooly,sdoolyei@mail.ru,Wordify,Support
4039155718,Zack,Pietraszek,zpietraszekej@themeforest.net,Ntag,Research and Development
5123466312,Graehme,Starkie,gstarkieek@elegantthemes.com,Blogspan,Legal
4696413241,Wilmer,Fraulo,wfrauloel@fc2.com,Yodo,Business Development
3133501798,Niccolo,Ebbers,nebbersem@jiathis.com,Wordware,Research and Development
5418262408,Larine,Thomazin,lthomazinen@ucla.edu,Jabberstorm,Engineering
2937420370,Freedman,Slocom,fslocomeo@unc.edu,Brightdog,Sales
5209073335,Margo,Craven,mcravenep@oracle.com,Gabvine,Product Management
4748349131,Henry,Comley,hcomleyeq@ocn.ne.jp,Zoozzy,Engineering
7567728168,Heddie,Scamadine,hscamadineer@booking.com,LiveZ,Accounting
7324620698,Bernadette,Lytton,blyttones@delicious.com,Rhynyx,Accounting
8434549433,Gib,McCafferty,gmccaffertyet@google.co.jp,Twimm,Sales
0217934218,Joshia,Shackleton,jshackletoneu@comcast.net,Aibox,Training
2814681168,Denney,Aaron,daaronev@archive.org,Meeveo,Support
6044674746,Adelle,Carnow,acarnowew@toplist.cz,Mycat,Training
4868552406,Fanchon,Hebble,fhebbleex@foxnews.com,Realcube,Training
3972427948,Wainwright,Kinane,wkinaneey@xrea.com,Trilia,Accounting
7651327101,Garreth,Ashdown,gashdownez@sogou.com,Wikido,Accounting
1105908542,Lorilyn,Easterby,leasterbyf0@smugmug.com,Gigabox,Training
4296604023,Farlay,Tombleson,ftomblesonf1@businesswire.com,Mydo,Engineering
9520789715,Gunner,Yeend,gyeendf2@simplemachines.org,Tazzy,Product Management
9627080438,Waldemar,Swin,wswinf3@statcounter.com,Flashspan,Training
6028670251,Avrit,Leven,alevenf4@bing.com,Roombo,Marketing
0275308839,Fielding,Balshaw,fbalshawf5@so-net.ne.jp,Cogidoo,Legal
3934154514,Nydia,Doerling,ndoerlingf6@ehow.com,Zoovu,Legal
1862830118,Goldi,Basill,gbasillf7@cnet.com,Ozu,Support
4409157701,Zollie,Netherclift,znethercliftf8@example.com,Jayo,Legal
3115629141,Kalvin,Harwell,kharwellf9@earthlink.net,Gevee,Support
9728746539,Thomasina,Baitman,tbaitmanfa@china.com.cn,Dabfeed,Support
9959896536,Constancy,Wilne,cwilnefb@adobe.com,Thoughtblab,Business Development
7172041941,Devlen,Ambroisin,dambroisinfc@diigo.com,Trilia,Research and Development
0899133363,Mag,Upex,mupexfd@360.cn,Livetube,Product Management
0167880810,Melonie,Addie,maddiefe@bravesites.com,Leexo,Marketing
6262209123,Ailene,Cicconettii,acicconettiiff@uiuc.edu,Photolist,Training
0752648705,Tori,Frow,tfrowfg@tinypic.com,Rhycero,Human Resources
4365871307,Abbe,Basson,abassonfh@imdb.com,Topicblab,Training
7561043473,Nady,Rohlfing,nrohlfingfi@microsoft.com,Shuffledrive,Product Management
9159266236,Ervin,Kyme,ekymefj@miitbeian.gov.cn,Feedfish,Sales
6789237542,Garwin,Moogan,gmooganfk@washingtonpost.com,Plajo,Legal
3954240114,Kore,Rappoport,krappoportfl@google.ca,Tagfeed,Engineering
6783404587,Dmitri,Lodeke,dlodekefm@com.com,Twitterwire,Accounting
5083079097,Judy,Petracco,jpetraccofn@ifeng.com,Fivespan,Sales
0345858433,Demetria,Bartlam,dbartlamfo@cafepress.com,Oyondu,Marketing
8182483522,Simmonds,Sommerland,ssommerlandfp@businessweek.com,Realcube,Support
4206784248,Brocky,Murfin,bmurfinfq@spotify.com,Avaveo,Accounting
8255876618,Ernesta,Kupka,ekupkafr@de.vu,Topdrive,Research and Development
0797032770,Carline,Tevlin,ctevlinfs@wordpress.com,Eire,Support
4053857686,Salomone,McDuffie,smcduffieft@house.gov,Viva,Marketing
9974485592,Ransell,Willis,rwillisfu@rediff.com,Edgepulse,Product Management
5782729813,Andriana,Abercromby,aabercrombyfv@nyu.edu,InnoZ,Services
5907792973,Stephen,Beaman,sbeamanfw@dot.gov,Topicstorm,Accounting
2361138050,Gage,Ragsdall,gragsdallfx@nifty.com,Gabtype,Support
8761077771,Aksel,Dondon,adondonfy@drupal.org,Vitz,Human Resources
6496016089,Katharina,Grollmann,kgrollmannfz@bravesites.com,Quire,Sales
4910397736,Amandy,Trustey,atrusteyg0@cbc.ca,Photobug,Legal
4620920827,Gabbi,Peinke,gpeinkeg1@army.mil,Kazu,Business Development
6315563392,Manda,Hubbucke,mhubbuckeg2@naver.com,Topiclounge,Training
8035050656,Talya,Henden,thendeng3@gov.uk,Wikizz,Marketing
3109998688,Sayers,Hessentaler,shessentalerg4@php.net,Realblab,Services
1445979888,Valery,Bosward,vboswardg5@hubpages.com,Yodoo,Accounting
3149633303,Lezlie,Dobson,ldobsong6@wordpress.com,Linkbuzz,Product Management
5034389940,Theresa,Bovingdon,tbovingdong7@pbs.org,Tavu,Human Resources
5907394730,Rachele,Dibling,rdiblingg8@senate.gov,Midel,Research and Development
2980064637,Rosy,Burgum,rburgumg9@vkontakte.ru,Skilith,Sales
6494125433,Virgina,Brantl,vbrantlga@webs.com,Yodo,Product Management
8794154260,Sig,Ferie,sferiegb@hud.gov,Riffpedia,Training
0320358933,Phil,Klimashevich,pklimashevichgc@tripadvisor.com,Voonyx,Accounting
1009304801,Ki,Swaden,kswadengd@berkeley.edu,Realpoint,Engineering
8436890388,Grier,Decroix,gdecroixge@typepad.com,Wordify,Support
2862076333,Phil,Mealiffe,pmealiffegf@wordpress.org,Gigabox,Sales
0754861511,Phebe,Cape,pcapegg@webnode.com,Oyondu,Research and Development
5672610420,Casie,Hearsum,chearsumgh@upenn.edu,Geba,Services
6916048778,Maddy,Janusik,mjanusikgi@icio.us,Browsezoom,Marketing
1627943854,Abby,Roggerone,aroggeronegj@mail.ru,Yakitri,Accounting
1236717155,Carmel,Peyro,cpeyrogk@sciencedaily.com,Trilia,Product Management
3477521536,Sanders,Winny,swinnygl@slideshare.net,Browseblab,Business Development
6756051121,Sofie,Cockley,scockleygm@rakuten.co.jp,Zoombeat,Accounting
2360903330,Rustin,O'Hartnedy,rohartnedygn@bloomberg.com,Browsedrive,Accounting
4872381483,Misha,Tabart,mtabartgo@dailymail.co.uk,Skyble,Legal
1446535932,Zenia,Pendred,zpendredgp@purevolume.com,Tagopia,Legal
8795335056,Tasia,Stirton,tstirtongq@tinyurl.com,Tagfeed,Research and Development
4587165859,Maddie,Hourigan,mhourigangr@netscape.com,Fliptune,Marketing
8000894963,Marabel,Haldin,mhaldings@youtu.be,Jabbersphere,Sales
7685303159,Noam,Daskiewicz,ndaskiewiczgt@nytimes.com,Chatterpoint,Services
6247711697,Dian,Sattin,dsattingu@networksolutions.com,Camimbo,Human Resources
0659827743,Barbabas,Dannett,bdannettgv@1und1.de,Avamba,Product Management
8740828646,Jimmie,Glasner,jglasnergw@smh.com.au,Photobug,Sales
3610250291,Andrea,Greystock,agreystockgx@google.ca,Jamia,Engineering
5416276827,Storm,Vanni,svannigy@npr.org,Wikizz,Engineering
8653265457,Kimmi,Van Dalen,kvandalengz@t-online.de,Shuffledrive,Business Development
1658701992,Mirna,Metham,mmethamh0@indiatimes.com,Edgewire,Engineering
4144632768,Rudolf,Wyche,rwycheh1@bizjournals.com,Kaymbo,Sales
3401246305,Stu,Corneille,scorneilleh2@sitemeter.com,Bluezoom,Sales
1014850789,Reagan,Leathlay,rleathlayh3@harvard.edu,Voonix,Business Development
8905268005,Angelina,Maudson,amaudsonh4@ftc.gov,Thoughtblab,Accounting
7684665499,Teodorico,Goode,tgoodeh5@wunderground.com,Twiyo,Support
5559197467,Anita,Jeram,ajeramh6@census.gov,Skynoodle,Support
9745645346,Skipton,Adlam,sadlamh7@berkeley.edu,Linktype,Engineering
0750728825,Osgood,Bousler,obouslerh8@networkadvertising.org,Tazz,Legal
6255128121,Lou,Fosdyke,lfosdykeh9@uol.com.br,Kimia,Accounting
8169920027,Siobhan,Shave,sshaveha@webmd.com,Abatz,Sales
8856347296,Grove,Keynd,gkeyndhb@china.com.cn,Innojam,Engineering
2009306538,Lynnett,McVitty,lmcvittyhc@intel.com,Pixonyx,Engineering
9435606601,Titos,Sweedy,tsweedyhd@whitehouse.gov,Gabtype,Accounting
2368548785,Sandy,Cristofolo,scristofolohe@howstuffworks.com,Chatterpoint,Product Management
4753777766,Leeland,Windless,lwindlesshf@google.es,Pixonyx,Support
7851042720,Jenifer,Antcliffe,jantcliffehg@globo.com,Plajo,Services
8867526855,Jilli,McPartling,jmcpartlinghh@google.ca,Realblab,Support
8038273354,Diane,McMoyer,dmcmoyerhi@printfriendly.com,Jabbertype,Accounting
1096048051,Oliy,Sherme,oshermehj@twitter.com,Topiclounge,Research and Development
0823926494,Aubert,Aucott,aaucotthk@wikipedia.org,Layo,Services
8638238886,Yank,Pitrollo,ypitrollohl@dropbox.com,Ailane,Legal
9697461015,Tuck,Toderini,ttoderinihm@ihg.com,Kwilith,Human Resources
7238830353,Kirsteni,Hawton,khawtonhn@ovh.net,Shufflester,Business Development
5776459176,Dasya,Brezlaw,dbrezlawho@slate.com,Leenti,Support
5307686501,Andra,Drinkel,adrinkelhp@elpais.com,Kwilith,Marketing
7004845451,Minta,Vickerstaff,mvickerstaffhq@phpbb.com,Voonix,Human Resources
8079256764,Hayley,Keavy,hkeavyhr@studiopress.com,Dynazzy,Human Resources
9749943155,Almira,Mullord,amullordhs@networksolutions.com,Yodo,Training
5223304454,Sayer,Baron,sbaronht@last.fm,Quaxo,Services
1160275270,Roland,Date,rdatehu@economist.com,Demimbu,Legal
1052394604,Brannon,Votier,bvotierhv@dailymotion.com,Dynabox,Product Management
4018925859,Marybeth,Lammerding,mlammerdinghw@usa.gov,Skimia,Engineering
0778769526,Bernadene,Poynton,bpoyntonhx@youku.com,Eabox,Marketing
2220923703,Jdavie,Gilley,jgilleyhy@sina.com.cn,Skinte,Training
1083868373,Enid,Milesop,emilesophz@hubpages.com,Lazzy,Services
4479888578,Renell,Kreutzer,rkreutzeri0@nps.gov,Eamia,Legal
6958719735,Jeff,Swancock,jswancocki1@photobucket.com,Skyndu,Marketing
9215433309,Alvira,Wildsmith,awildsmithi2@marketwatch.com,Skajo,Support
5284285913,Shawnee,Lettsom,slettsomi3@nydailynews.com,Kwinu,Accounting
2580334939,Emlynn,Plummer,eplummeri4@gravatar.com,Devbug,Legal
0871755009,Tammy,Costall,tcostalli5@prnewswire.com,Fanoodle,Sales
5351063204,Lind,Rawlyns,lrawlynsi6@craigslist.org,Miboo,Services
3843498873,Beck,Augar,baugari7@cloudflare.com,Skalith,Business Development
8934265973,Sibylla,Girogetti,sgirogettii8@bloglines.com,Digitube,Accounting
0089258118,Gale,Gault,ggaulti9@gov.uk,Riffpedia,Support
4350671544,Hinda,Korpolak,hkorpolakia@china.com.cn,Voonder,Sales
2135018619,Thibaud,Leyband,tleybandib@furl.net,Demizz,Research and Development
5205338210,Jerrilyn,Churn,jchurnic@fotki.com,Jabbertype,Support
5857441862,Gertrud,Gale,ggaleid@github.com,Voolith,Product Management
1058458736,Ambur,Gudeman,agudemanie@hubpages.com,InnoZ,Marketing
4791290992,Nelli,Temprell,ntemprellif@foxnews.com,Flipopia,Product Management
3255363314,Holli,Ovett,hovettig@opensource.org,Camido,Product Management
6444649609,Aubine,Kroin,akroinih@google.nl,Meejo,Training
1828675563,Jocelyne,Absolon,jabsolonii@yale.edu,Photofeed,Product Management
9990708630,Mikael,Romme,mrommeij@wired.com,Browsecat,Research and Development
5733207426,Phillis,Vanshin,pvanshinik@washington.edu,Plambee,Product Management
3688601610,Mychal,Kilfeather,mkilfeatheril@comsenz.com,Oyoyo,Research and Development
3780333392,Verena,Lucus,vlucusim@addthis.com,Topdrive,Training
7026927035,Matthiew,Cruddas,mcruddasin@soundcloud.com,Jaloo,Product Management
4103855231,Timothy,Lorentz,tlorentzio@ihg.com,Jatri,Services
8954854737,Rosemary,Synke,rsynkeip@purevolume.com,Dynazzy,Research and Development
7765055542,Sholom,Lombard,slombardiq@squidoo.com,Yodo,Legal
5084475239,Sheena,Effnert,seffnertir@ibm.com,Quire,Human Resources
3048579931,Corissa,Hotson,chotsonis@buzzfeed.com,Kayveo,Engineering
6661053518,Alena,Eaden,aeadenit@deviantart.com,Blogtags,Marketing
9096181174,Alasteir,Watkin,awatkiniu@ted.com,Jaxbean,Human Resources
2573388212,Rahel,Pendrid,rpendridiv@amazon.de,Zoozzy,Accounting
9947359336,Nikolas,L'Amie,nlamieiw@nhs.uk,Miboo,Accounting
9344619611,Ernestine,Dougher,edougherix@blinklist.com,Skyvu,Legal
1716148588,Uriah,Croley,ucroleyiy@engadget.com,Chatterbridge,Human Resources
0924006765,Drew,Trustrie,dtrustrieiz@earthlink.net,Kanoodle,Legal
0058525556,Kipp,Rimell,krimellj0@nhs.uk,Edgetag,Training
5968982853,Vite,Charrington,vcharringtonj1@nhs.uk,Eayo,Legal
5982451223,Mayer,Kellar,mkellarj2@dedecms.com,Dablist,Research and Development
2574209990,Lucho,Lambdon,llambdonj3@noaa.gov,Minyx,Support
8632223666,Asa,Lye,alyej4@china.com.cn,Browseblab,Product Management
7246176551,Madelin,Sturgis,msturgisj5@oakley.com,Zoomdog,Engineering
4691421556,Greggory,Fulcher,gfulcherj6@fda.gov,Babblestorm,Human Resources
0373931409,Vivi,Petroselli,vpetrosellij7@ask.com,Roombo,Research and Development
4829032863,Weidar,Josskovitz,wjosskovitzj8@sciencedirect.com,Divanoodle,Support
5156571069,Walker,Thaim,wthaimj9@timesonline.co.uk,Skidoo,Product Management
1560326093,Marlowe,Seleway,mselewayja@51.la,Feedfish,Training
3369012502,Yvette,Ivimey,yivimeyjb@people.com.cn,Twimm,Human Resources
0764746871,Allina,Fletham,aflethamjc@aboutads.info,Brainlounge,Sales
1130915255,Sean,Haselgrove,shaselgrovejd@rambler.ru,Meevee,Training
7342918652,Fleur,MacGaughey,fmacgaugheyje@mayoclinic.com,Demivee,Sales
3477667948,Clarice,Waliszewski,cwaliszewskijf@techcrunch.com,Einti,Training
9151813165,Penelopa,Mowatt,pmowattjg@about.com,Innojam,Services
3677251265,Odo,Calvard,ocalvardjh@godaddy.com,Linklinks,Support
6095692490,Oona,Crisp,ocrispji@google.ca,Gabspot,Engineering
3439077357,Christa,Langsdon,clangsdonjj@is.gd,Myworks,Marketing
2289757578,Carrie,Redborn,credbornjk@microsoft.com,Zoomzone,Human Resources
1990686915,Tristan,Luna,tlunajl@yolasite.com,Tagchat,Product Management
2175567923,Kitty,Avrahamof,kavrahamofjm@independent.co.uk,Flashspan,Business Development
9868440483,Nicolle,Mancktelow,nmancktelowjn@blogtalkradio.com,Twiyo,Business Development
3069706746,Demetris,Howgill,dhowgilljo@livejournal.com,Twitterwire,Legal
9871308132,Marmaduke,Arnal,marnaljp@youku.com,Centimia,Human Resources
5899438622,Abdul,Karpf,akarpfjq@redcross.org,Geba,Marketing
1937649938,Jakob,Golly,jgollyjr@google.ru,Latz,Human Resources
8076900646,Chrysa,Brede,cbredejs@163.com,Zoovu,Legal
3003717529,Reilly,Tumasian,rtumasianjt@oakley.com,Flashspan,Training
9423717632,Brietta,Sear,bsearju@umich.edu,Thoughtblab,Support
5342189268,Alphonse,Bartolomieu,abartolomieujv@biglobe.ne.jp,Plambee,Product Management
1477068473,Ira,Stanyer,istanyerjw@chron.com,Trilith,Engineering
2020979020,Blinnie,Greensmith,bgreensmithjx@walmart.com,Buzzshare,Support
5853842951,Caitrin,Brickhill,cbrickhilljy@yale.edu,Skipfire,Engineering
6105376030,Hercule,Colnett,hcolnettjz@bloomberg.com,Dynabox,Sales
6470822231,Adda,Grissett,agrissettk0@360.cn,Divape,Marketing
6631435846,Rooney,Stroobant,rstroobantk1@huffingtonpost.com,Avamba,Training
4251673484,Andrey,Conaghy,aconaghyk2@samsung.com,Eimbee,Research and Development
1350306487,Rosanne,Loosemore,rloosemorek3@vistaprint.com,Skinix,Training
0250828162,Bria,Annies,banniesk4@symantec.com,Roomm,Accounting
9445969103,Ernst,Jurisic,ejurisick5@weebly.com,Meevee,Business Development
2344739734,Xever,Penwright,xpenwrightk6@g.co,Dabjam,Training
5624044127,Loralie,Lott,llottk7@indiegogo.com,Browsetype,Marketing
8520017134,Brennen,Shoulders,bshouldersk8@so-net.ne.jp,Mynte,Marketing
2292031744,Reeva,Guilbert,rguilbertk9@narod.ru,Eabox,Marketing
9590854745,Shem,Mathewes,smatheweska@desdev.cn,Skinte,Legal
1758896892,Lyndel,Taggart,ltaggartkb@twitpic.com,Tekfly,Research and Development
9319852731,Gretta,Dossettor,gdossettorkc@latimes.com,Bubbletube,Human Resources
4667601698,Ludovico,Besset,lbessetkd@yolasite.com,Meevee,Human Resources
7377982721,Bevan,Greatham,bgreathamke@icq.com,Jamia,Legal
0729950611,Chan,Rival,crivalkf@cpanel.net,Tazzy,Support
4435376687,Khalil,Balogh,kbaloghkg@go.com,Photobug,Product Management
7356483718,Aeriell,Sellick,asellickkh@meetup.com,Oyope,Support
9489609676,Jory,Aires,jaireski@yale.edu,Twitterwire,Product Management
0802407498,Riane,Leitch,rleitchkj@oracle.com,Tambee,Sales
5069890298,Frederic,Broderick,fbroderickkk@dot.gov,Jetwire,Marketing
8422249707,Billye,Husband,bhusbandkl@tuttocitta.it,Blogtags,Legal
0511156723,Page,Bilsborrow,pbilsborrowkm@vkontakte.ru,Jazzy,Services
4688737254,Wald,Riccelli,wriccellikn@chicagotribune.com,Gabspot,Marketing
1653007311,Rebe,Mariault,rmariaultko@parallels.com,Aimbo,Research and Development
1162426993,Poppy,Merill,pmerillkp@dailymotion.com,Edgeify,Support
4347400187,Kara-lynn,Lunny,klunnykq@comsenz.com,Photofeed,Product Management
1747357979,Deanne,Layburn,dlayburnkr@infoseek.co.jp,Tanoodle,Sales
8524335793,Noble,Edmeades,nedmeadesks@liveinternet.ru,Npath,Training
0864094523,Tatiania,Fuchs,tfuchskt@cnn.com,Yakidoo,Services
7662206726,Luigi,Denzilow,ldenzilowku@jugem.jp,Pixope,Business Development
5462760086,Timothee,Brayley,tbrayleykv@purevolume.com,Dabjam,Engineering
2102622835,Eugenio,Longbone,elongbonekw@answers.com,Plambee,Research and Development
3367061298,Mort,Mish,mmishkx@opera.com,Ooba,Training
9762598164,Milt,Bonanno,mbonannoky@clickbank.net,Gigashots,Marketing
1489657452,Spense,Piggins,spigginskz@dedecms.com,Trunyx,Research and Development
3437445111,Rriocard,Petris,rpetrisl0@slideshare.net,Centidel,Research and Development
1331304660,Dael,Crossingham,dcrossinghaml1@altervista.org,Shufflester,Research and Development
0687938414,Gray,Tichelaar,gtichelaarl2@merriam-webster.com,Cogibox,Product Management
4989943538,Laetitia,Clewlow,lclewlowl3@who.int,Vinder,Business Development
1782740732,Wren,Edgecumbe,wedgecumbel4@nydailynews.com,Oyondu,Support
1949294250,Marcelia,Jardein,mjardeinl5@biglobe.ne.jp,Browsecat,Training
7178946350,Odie,Cushion,ocushionl6@newyorker.com,Mymm,Engineering
8093579699,Ford,Pelos,fpelosl7@economist.com,Rooxo,Training
5774521702,Hilario,Bidder,hbidderl8@google.ca,Aimbo,Services
9703125972,Marven,Oxbury,moxburyl9@pagesperso-orange.fr,Twinte,Marketing
9343132891,Bradly,Akester,bakesterla@mapy.cz,Dabjam,Sales
7801993004,Torr,Gownge,tgowngelb@quantcast.com,Quinu,Product Management
5259442652,Shaina,Jagg,sjagglc@sciencedirect.com,Quamba,Marketing
5917169292,Elmore,Maidment,emaidmentld@xinhuanet.com,Wordify,Training
8067697949,Matthew,Bewlie,mbewliele@weibo.com,Tagchat,Marketing
9915373058,Kimball,Detloff,kdetlofflf@mediafire.com,Devshare,Training
7240896501,Kelley,Gubbin,kgubbinlg@dagondesign.com,Mynte,Engineering
0856955604,Darryl,Crayton,dcraytonlh@archive.org,Bluejam,Marketing
2768520810,Frasier,Stileman,fstilemanli@washington.edu,Zoomcast,Human Resources
7691185227,Neal,Kondrat,nkondratlj@ebay.co.uk,Twitterworks,Support
2866850874,Babbette,Fredi,bfredilk@prnewswire.com,Browsebug,Training
0179660853,John,Beetham,jbeethamll@earthlink.net,Kazu,Engineering
9057297531,Gerardo,Scaplehorn,gscaplehornlm@ted.com,Kazio,Support
5906837094,Kimbell,Mansfield,kmansfieldln@nationalgeographic.com,Zoozzy,Research and Development
8431930780,Morrie,Yeeles,myeeleslo@biglobe.ne.jp,Linkbridge,Services
2007503557,Eldon,Kaminski,ekaminskilp@ocn.ne.jp,Jabberbean,Human Resources
8792713076,Jayne,Odom,jodomlq@nydailynews.com,Riffpedia,Support
8975044297,Stavro,Mc Harg,smcharglr@nps.gov,Skaboo,Support
0278158986,Maxie,Guerriero,mguerrierols@bandcamp.com,Dynabox,Research and Development
1428359834,Ethelbert,Glowach,eglowachlt@nature.com,BlogXS,Accounting
9497559194,Wandie,Rubinfajn,wrubinfajnlu@soup.io,Photolist,Services
7714386266,Chico,Ebbett,cebbettlv@diigo.com,Wordify,Sales
6343842853,Beatrice,Foxen,bfoxenlw@senate.gov,Ainyx,Human Resources
1610184718,Jonis,Klimkov,jklimkovlx@cocolog-nifty.com,Twitterbeat,Accounting
3561729630,Danyelle,Duigan,dduiganly@blog.com,Twimbo,Product Management
4821607719,Giorgia,Androsik,gandrosiklz@nifty.com,Edgeblab,Training
0689666918,Lynnette,Philimore,lphilimorem0@mozilla.org,Jaloo,Product Management
5588663764,Hakeem,Tallent,htallentm1@loc.gov,Thoughtblab,Engineering
0316646296,Ash,Moxham,amoxhamm2@trellian.com,Wordify,Sales
4410074954,Berne,De Mitris,bdemitrism3@fda.gov,Shufflebeat,Legal
8850705239,Darb,Streat,dstreatm4@fda.gov,Shuffletag,Support
6755274712,Delphine,Blackborough,dblackboroughm5@pcworld.com,Zoonder,Accounting
5223991303,Fara,Mirrlees,fmirrleesm6@infoseek.co.jp,Katz,Training
6994205428,Brier,Capelow,bcapelowm7@theglobeandmail.com,Thoughtblab,Accounting
8117301946,Walker,Blenkin,wblenkinm8@multiply.com,Skyndu,Human Resources
7558034086,Rosana,Loveless,rlovelessm9@baidu.com,Oyoloo,Legal
1933719249,Giacobo,Westwell,gwestwellma@lulu.com,Jaxworks,Research and Development
0853558760,Dimitri,Bresnen,dbresnenmb@themeforest.net,Babbleblab,Sales
2191697623,Traci,Haddleton,thaddletonmc@bbc.co.uk,Trudoo,Support
4433043427,Mireille,Mayfield,mmayfieldmd@sun.com,Mita,Services
9257263509,Kahlil,Baird,kbairdme@cloudflare.com,Gevee,Accounting
0362862524,Angie,Melesk,ameleskmf@about.com,Roomm,Legal
3731419041,Alick,Connal,aconnalmg@forbes.com,Topiclounge,Business Development
3955317048,Hadria,Mistry,hmistrymh@imageshack.us,Myworks,Legal
2441672649,Erin,Dorkens,edorkensmi@fc2.com,Devify,Sales
8278186189,Georgeanne,Mattecot,gmattecotmj@ovh.net,Gabtype,Services
4152306467,Nevsa,Phlippsen,nphlippsenmk@so-net.ne.jp,Thoughtsphere,Engineering
1128235463,Agnella,Woosnam,awoosnamml@cam.ac.uk,Digitube,Research and Development
6439653571,Desdemona,Sharkey,dsharkeymm@yahoo.co.jp,Cogilith,Legal
1583509003,Yettie,Madge,ymadgemn@parallels.com,Mycat,Marketing
9384943878,Garey,Pettisall,gpettisallmo@homestead.com,Realmix,Marketing
0467205906,Mitch,Gludor,mgludormp@parallels.com,Skimia,Research and Development
8096786350,Muhammad,Hollows,mhollowsmq@cnet.com,Wikizz,Marketing
5455506552,Monte,Cranham,mcranhammr@umich.edu,Gigabox,Engineering
4725684236,Willard,Dillinger,wdillingerms@tripadvisor.com,Ailane,Legal
3313195474,Emelita,Gwyllt,egwylltmt@reverbnation.com,Skimia,Training
4169211480,Gianina,Hightown,ghightownmu@mozilla.org,Gigashots,Product Management
0814933548,Brandise,Pearmine,bpearminemv@github.com,Yoveo,Marketing
2207123189,Caritta,Apthorpe,capthorpemw@cam.ac.uk,Mynte,Training
0324672659,Laird,Llorente,lllorentemx@toplist.cz,Mymm,Marketing
6540367449,Rosabella,Barlie,rbarliemy@globo.com,Topicstorm,Product Management
8692056308,Kissee,Ojeda,kojedamz@answers.com,Eadel,Support
3932376382,Barbie,Joselin,bjoselinn0@ameblo.jp,Zoozzy,Sales
3734664357,Ruthe,Toghill,rtoghilln1@wordpress.com,Zoonder,Business Development
5340321576,Channa,Rawle,crawlen2@eventbrite.com,Topiczoom,Support
1392981077,Dulcy,Sheehy,dsheehyn3@wikipedia.org,Youopia,Engineering
8317462331,Marybelle,Kunkler,mkunklern4@sina.com.cn,Geba,Support
8078243545,Ann,Zorn,azornn5@hubpages.com,Lazzy,Human Resources
8033549157,Ninnetta,Mengue,nmenguen6@jigsy.com,Wikizz,Sales
8542585240,Denver,Spenley,dspenleyn7@ycombinator.com,Innojam,Marketing
5306067751,Kaylyn,Strank,kstrankn8@tinypic.com,Oyope,Support
9653887742,Lucille,Leuchars,lleucharsn9@nasa.gov,Linkbridge,Business Development
2035519896,Cassie,Hamblen,chamblenna@craigslist.org,Skilith,Services
8790360486,Letitia,Donet,ldonetnb@smh.com.au,Topicstorm,Accounting
6451312789,Filberte,Latehouse,flatehousenc@berkeley.edu,Shufflebeat,Training
1376726300,Jemie,Rennox,jrennoxnd@craigslist.org,Aivee,Support
6567107308,Laurie,Gristhwaite,lgristhwaitene@tripadvisor.com,Brainbox,Services
5695563941,Jorgan,Dominetti,jdominettinf@foxnews.com,Skipstorm,Support
0266958443,Prent,Ossenna,possennang@google.es,Tagchat,Human Resources
7824884155,Lesley,Doget,ldogetnh@rakuten.co.jp,Fivespan,Services
3585332447,Richmound,Jennins,rjenninsni@g.co,Oodoo,Support
4764879085,Dale,Bockmann,dbockmannnj@booking.com,Oyondu,Services
4889045317,Clarey,Chritchlow,cchritchlownk@unblog.fr,Gabtune,Sales
8368670187,Dell,Brandassi,dbrandassinl@scientificamerican.com,Rhycero,Product Management
1103870505,Eloise,Dilley,edilleynm@icio.us,Devify,Business Development
1140741330,Aveline,Artrick,aartricknn@berkeley.edu,Oozz,Legal
4566132420,Zsa zsa,Hanniger,zhannigerno@dyndns.org,Tambee,Services
6384349965,Abbot,Tewkesbury.,atewkesburynp@hibu.com,Topiczoom,Training
4747391304,Freda,Stiebler,fstieblernq@biglobe.ne.jp,Photospace,Accounting
4162944253,Barron,Largent,blargentnr@ed.gov,Shuffletag,Research and Development
0992852269,Consuela,Rosbottom,crosbottomns@tinyurl.com,Twiyo,Engineering
6585294327,Aurelia,Maas,amaasnt@booking.com,Innojam,Human Resources
8396902933,Jonah,McMenamin,jmcmenaminnu@simplemachines.org,Dynazzy,Accounting
8963337863,Judd,Zouch,jzouchnv@examiner.com,Thoughtbridge,Sales
4215251737,Ford,Kaindl,fkaindlnw@bloglines.com,Tagpad,Support
7148479967,Daloris,Lovelady,dloveladynx@usgs.gov,Dazzlesphere,Services
5900010961,Mona,Dunk,mdunkny@soup.io,Yozio,Marketing
3080618750,Elle,Brambell,ebrambellnz@squarespace.com,Youspan,Research and Development
4929564182,Artie,McGeechan,amcgeechano0@latimes.com,Browsebug,Engineering
7877140797,Mateo,Luety,mluetyo1@marriott.com,Jaxbean,Product Management
3677276543,Harley,Glencross,hglencrosso2@google.cn,Eare,Training
6384960109,Libby,Blamire,lblamireo3@homestead.com,Linkbridge,Support
4674172357,Sheelagh,Wessel,swesselo4@squarespace.com,Realpoint,Human Resources
8001245837,Ryan,Fulks,rfulkso5@bloomberg.com,Minyx,Engineering
9513269299,Alexis,Lismer,alismero6@yahoo.co.jp,Devshare,Engineering
1954621574,Guss,Godsafe,ggodsafeo7@pagesperso-orange.fr,Dynava,Research and Development
3026648361,Romonda,Showering,rshoweringo8@github.io,Mynte,Marketing
9491411764,Adamo,Venes,aveneso9@usnews.com,Skynoodle,Accounting
6093442497,Tawnya,de la Tremoille,tdelatremoilleoa@flavors.me,Kaymbo,Business Development
2269845757,Cthrine,Diaper,cdiaperob@whitehouse.gov,Tavu,Services
2489293575,Shawn,Keaves,skeavesoc@biglobe.ne.jp,Skynoodle,Marketing
3041702444,Maiga,Dorricott,mdorricottod@miibeian.gov.cn,Meevee,Services
2115228898,Pieter,Aysik,paysikoe@devhub.com,Livefish,Accounting
4591080536,Chuck,Karle,ckarleof@shutterfly.com,Voonyx,Sales
8375115479,Northrop,Rewbottom,nrewbottomog@apache.org,Quamba,Product Management
5038961819,Garth,Ghidotti,gghidottioh@goo.gl,Twitterbeat,Services
7973145974,Kendell,Nicklin,knicklinoi@4shared.com,Eire,Product Management
0461502208,Myrtle,Clearley,mclearleyoj@comsenz.com,Gabtype,Marketing
8404721637,Lena,Connor,lconnorok@soup.io,Lajo,Accounting
5622205581,Ellen,Oak,eoakol@alibaba.com,Yoveo,Accounting
5062925207,Alon,Piggrem,apiggremom@dropbox.com,Eamia,Engineering
3303636516,Urban,Greenall,ugreenallon@ycombinator.com,Twitternation,Business Development
5677763551,Dukey,Pingston,dpingstonoo@yelp.com,Zoozzy,Support
8263147883,Chantalle,Glowach,cglowachop@ning.com,Feednation,Services
4878311150,Hesther,O'Criane,hocrianeoq@over-blog.com,JumpXS,Business Development
8450480868,Pauly,Peet,ppeetor@tumblr.com,Tagtune,Accounting
0413316912,Betteanne,Leyes,bleyesos@narod.ru,Edgeify,Human Resources
6160346490,Gwyn,Learman,glearmanot@independent.co.uk,Thoughtmix,Business Development
8371916221,Judon,Heckle,jheckleou@icq.com,Avamm,Business Development
6883801499,Antoinette,Sea,aseaov@sciencedirect.com,Yoveo,Research and Development
0139925627,Ezekiel,Dickons,edickonsow@bigcartel.com,Riffpath,Accounting
4543606361,Kandy,Alywin,kalywinox@foxnews.com,Edgeify,Research and Development
5950295129,Rudolfo,Roggieri,rroggierioy@furl.net,Roombo,Research and Development
6380690530,Kiah,Downage,kdownageoz@uol.com.br,Realbuzz,Training
5133997981,Obediah,Dorkens,odorkensp0@yellowbook.com,Quinu,Training
2924205077,Jenn,Gadman,jgadmanp1@nature.com,Quaxo,Services
8993135304,Care,Hallede,challedep2@geocities.jp,Realcube,Sales
0359797474,Stanley,Hanster,shansterp3@t.co,Voonyx,Services
3769205391,Shaw,Rubinsaft,srubinsaftp4@wikia.com,DabZ,Legal
9844727596,Jennie,Summons,jsummonsp5@slideshare.net,Demizz,Human Resources
7256686897,Agna,Scranny,ascrannyp6@w3.org,Gigabox,Marketing
0999780387,Dottie,Taylot,dtaylotp7@tiny.cc,Realbridge,Sales
9328420253,Der,Candy,dcandyp8@latimes.com,Cogilith,Research and Development
3840517435,Miles,Cormack,mcormackp9@vistaprint.com,Browseblab,Human Resources
2898540102,Donetta,Trevains,dtrevainspa@illinois.edu,Dynabox,Training
8270815802,Jessamyn,Lannon,jlannonpb@npr.org,Twinte,Engineering
8694663694,Nanon,Poynor,npoynorpc@cloudflare.com,Trudoo,Business Development
6646837619,Sunshine,Reckless,srecklesspd@ca.gov,Voonder,Sales
8853581972,Alon,Vicker,avickerpe@bizjournals.com,Devpoint,Product Management
0480742065,Tillie,Bishopp,tbishopppf@google.nl,Yakidoo,Sales
9270885135,Helenelizabeth,Tolefree,htolefreepg@plala.or.jp,Realbridge,Training
8884292182,Geoff,McElrath,gmcelrathph@ftc.gov,Quimm,Human Resources
2768899569,Rainer,Quye,rquyepi@oakley.com,Twitterwire,Human Resources
7371270959,Eben,Enrich,eenrichpj@hubpages.com,Vinder,Engineering
4398738231,Sibilla,Spoward,sspowardpk@springer.com,Browsedrive,Business Development
0640193242,Addie,Ibel,aibelpl@mediafire.com,Jabbercube,Training
7186992595,Ninon,Colin,ncolinpm@ameblo.jp,Flashpoint,Support
0026735326,Adelaida,Lyte,alytepn@vimeo.com,Mynte,Support
1073212173,Emeline,Medendorp,emedendorppo@hubpages.com,Fliptune,Legal
4429645477,Dinny,Peedell,dpeedellpp@youtu.be,Buzzdog,Services
0073119970,Fayre,Fisbey,ffisbeypq@uol.com.br,Leenti,Engineering
3782603672,Lil,Hacaud,lhacaudpr@typepad.com,Devshare,Sales
0671954288,Reuven,Crockford,rcrockfordps@comcast.net,Tagcat,Services
3469424578,Dian,Langston,dlangstonpt@simplemachines.org,Yakidoo,Human Resources
1541361830,Elfreda,Jobbins,ejobbinspu@europa.eu,Twiyo,Research and Development
6574796857,Fidel,Shankster,fshanksterpv@ucla.edu,Wordify,Business Development
1393549969,Betteanne,Lanchester,blanchesterpw@yellowbook.com,Skimia,Human Resources
9331485123,Danyelle,Gillfillan,dgillfillanpx@blinklist.com,Oyoyo,Human Resources
4180211807,Maynard,Hammatt,mhammattpy@princeton.edu,Cogidoo,Business Development
3757177010,Mirabel,Vell,mvellpz@wix.com,Realcube,Services
6099081631,Norine,Longstreeth,nlongstreethq0@uiuc.edu,Thoughtstorm,Training
5642797123,Tally,Rollins,trollinsq1@umn.edu,Brainbox,Training
3461558311,Lucas,Seccombe,lseccombeq2@furl.net,Skiba,Human Resources
0326627219,Olivero,Elgood,oelgoodq3@miitbeian.gov.cn,Devshare,Marketing
1382710240,Elbertine,Bourtoumieux,ebourtoumieuxq4@icio.us,Lazz,Research and Development
3098025182,Duff,Punter,dpunterq5@1688.com,Oodoo,Engineering
1838056068,Barbi,Ellison,bellisonq6@ebay.co.uk,Meetz,Marketing
0544598423,Candace,Glanville,cglanvilleq7@house.gov,Twitterlist,Research and Development
3928703390,Winston,Dartan,wdartanq8@wiley.com,Blognation,Support
3273263377,Benni,Zecchii,bzecchiiq9@salon.com,Wordify,Marketing
0413340759,Skye,Folliss,sfollissqa@bloglovin.com,Roomm,Business Development
6653019470,Yovonnda,Enion,yenionqb@redcross.org,Latz,Services
8086118622,Tomasina,Dick,tdickqc@washington.edu,Rhynoodle,Accounting
9136686107,Pippa,McCurry,pmccurryqd@gizmodo.com,Yakidoo,Accounting
7155574228,Clerissa,Chisman,cchismanqe@live.com,Linklinks,Sales
3361934257,Riley,Lowdes,rlowdesqf@tiny.cc,Realblab,Research and Development
5645203194,Kynthia,Crome,kcromeqg@businesswire.com,Eayo,Legal
3687723917,Darrelle,Heald,dhealdqh@apache.org,Feedfish,Support
0915444747,Kari,Tonsley,ktonsleyqi@woothemes.com,Quatz,Support
7560617832,Regan,Dury,rduryqj@digg.com,Rhyloo,Services
5611688047,Charmine,Cookney,ccookneyqk@surveymonkey.com,Jaxworks,Sales
3483811052,Brinn,Dunkley,bdunkleyql@narod.ru,Skiptube,Human Resources
4461059243,Allison,Hesser,ahesserqm@about.com,Realbuzz,Accounting
1330342119,Ricki,Brito,rbritoqn@csmonitor.com,BlogXS,Training
7643778175,Addy,Augustin,aaugustinqo@devhub.com,Nlounge,Business Development
3772936520,Robbi,Murty,rmurtyqp@netvibes.com,Fivebridge,Product Management
3248848294,Caril,Corneil,ccorneilqq@imgur.com,Realfire,Training
7149117600,Melinda,Chezelle,mchezelleqr@webs.com,Rhynoodle,Product Management
4250491951,Shandy,Halt,shaltqs@about.com,Dazzlesphere,Sales
9347389633,Tani,Haversum,thaversumqt@cpanel.net,Gabtune,Services
1838336850,Ranna,Jiggens,rjiggensqu@1688.com,Mynte,Marketing
0461930552,Guillaume,Gleder,gglederqv@nymag.com,Realbuzz,Services
4748114355,Roda,Daviddi,rdaviddiqw@reference.com,Eabox,Product Management
1973702363,Rori,Lindeboom,rlindeboomqx@nih.gov,Realmix,Sales
2269482492,Alina,Oman,aomanqy@blog.com,Skivee,Business Development
6628875458,Andeee,McMurrugh,amcmurrughqz@trellian.com,Thoughtstorm,Research and Development
6538557333,Luciano,Jayne,ljayner0@youtube.com,Fivechat,Human Resources
8786871099,Rudyard,Cash,rcashr1@jigsy.com,Tagopia,Training
3751959203,Krisha,Stollman,kstollmanr2@dailymotion.com,Meetz,Legal
1491168633,Susy,Annice,sannicer3@youtube.com,Skippad,Sales
9252798919,Annmarie,Tedman,atedmanr4@virginia.edu,Skivee,Support
9804156059,Wayne,Crudginton,wcrudgintonr5@uiuc.edu,Mydeo,Marketing
0639425666,Conway,Lutsch,clutschr6@github.com,Twimm,Support
0403559855,Gui,Hixley,ghixleyr7@google.it,Gigaclub,Training
9914557678,Donaugh,Archbould,darchbouldr8@cnet.com,Zava,Sales
8097531577,Staci,Vasnetsov,svasnetsovr9@accuweather.com,Shufflebeat,Legal
6193997741,Dallas,Mowles,dmowlesra@shinystat.com,Meezzy,Marketing
7798817824,Herbie,Cuxson,hcuxsonrb@jalbum.net,Oyoba,Accounting
3754155709,Retha,Eynon,reynonrc@woothemes.com,Twitterwire,Human Resources
9636196753,Rachelle,Apted,raptedrd@newyorker.com,Tambee,Legal
0346933692,Morganica,Cuel,mcuelre@surveymonkey.com,Roombo,Research and Development
1893167577,Simona,Lartice,slarticerf@livejournal.com,Latz,Business Development
3328251065,Jobye,Barford,jbarfordrg@ow.ly,Yakitri,Accounting
8639254141,Bancroft,Sivell,bsivellrh@microsoft.com,Devbug,Marketing
8635423909,Brinna,Milroy,bmilroyri@ifeng.com,Talane,Marketing
8006235066,Karylin,Jossel,kjosselrj@naver.com,Buzzster,Human Resources
6997043984,Clint,Featherstone,cfeatherstonerk@dedecms.com,Kaymbo,Marketing
6529617183,Denny,Duesberry,dduesberryrl@clickbank.net,Gevee,Legal
1614923612,August,Petrusch,apetruschrm@e-recht24.de,Vitz,Product Management
4800450144,Darryl,Sparey,dspareyrn@sina.com.cn,Cogilith,Support
2498223207,Maurine,Laraway,mlarawayro@ow.ly,Brightdog,Support
9711986469,Boone,Mulroy,bmulroyrp@fema.gov,Jaxworks,Engineering
7359181194,Brant,Glencros,bglencrosrq@ning.com,Skippad,Accounting
7816336861,Leroy,Sheringham,lsheringhamrr@woothemes.com,Skipfire,Services
